{
	"visibilityRanges": {
    "sprite_erythrocyte-02": [ [ 263, 480 ], [ 744, 961 ] ],
		"sprite_transferrin-02": [ [ 0, 338 ], [ 481, 819 ] ],
		"sprite_transferrin-01": [ [ 338, 431 ], [ 819, 962 ] ],
		"sprite_transferrin-03": [ [ 38, 475 ], [ 519, 956 ] ],
		"sprite_apotransferrin-01": [ [ 0, 232 ],[ 246, 480 ], [ 481, 713 ],[ 727, 961 ] ],
		
		"sprite_fe2-04": [ [ 0, 219 ], [ 372, 480 ], [ 481, 700 ], [ 853, 961 ] ],
		"sprite_fe2-03": [ [ 0, 160 ], [ 372, 480 ], [ 481, 641 ], [ 853, 961 ] ],
		
		"sprite_fe3-01": [ [ 219, 338 ], [ 700, 819 ] ]
  },
	
  "renderOrders": [
	  
    { "order": 1, "targets":[ "sprite_spleen" ] },
	  
    { "order": 109, "targets":[ "sprite_macrophage" ] },
	  
    { "order": 111, "targets":[ "sprite_erythrocyte-.*" ] },
	  
    { "order": 110, "targets":[	"sprite_.*" ] }
  ],

  "masked": {
    
    "stream": [
                "sprite_erythrocyte-.*",
                "sprite_apotransferrin-.*",
                "sprite_transferrin-.*"
              ]
  },
  
  "selectable": {

    "fe2":                  "sprite_fe2-.*",

    "fe3":                  "sprite_fe3-.*",

    "ferritin":             "sprite_ferritin.*",

    "ferropotin":           "sprite_ferropotin",

    "apotransferrin":       "sprite_apotransferrin-.*",
    "transferrin":          "sprite_transferrin-.*",

    "caeruloplasmin":       "sprite_caeruloplasmin"
  },

  "tipped": {

    "macrophage":  "sprite_macrophage",
    "erythrocyte": "sprite_erythrocyte-.*"
  }
}