{
	"visibilityRanges": {
		
		"sprite_transferrin-recepter-01": [ [ 0, 274 ] ],
		"sprite_transferrin-recepter-02": [ [ 274, 720 ] ],
		
		"sprite_transferrin-recepter-03": [ [ 0, 370 ] ],
		"sprite_transferrin-recepter-04": [ [ 370, 720 ] ],
		
		"sprite_dmt1-01": [ [ 0, 274 ] ],
		"sprite_dmt1-02": [ [ 274, 720 ] ],
		"sprite_dmt1-03": [ [ 240, 720 ] ],
		
		"sprite_fe3-1": [ [ 1, 254 ] ],
		"sprite_fe3-2": [ [ 359, 420 ] ],
		"sprite_fe2-1": [ [ 29, 359 ], [ 395, 720 ] ],
		
		"sprite_transferrin-01": [ [ 0, 253 ] ],
		"sprite_transferrin-02": [ [ 253, 677 ] ],
		
		"sprite_apotransferrin-03": [ [ 205, 420 ] ],
		"sprite_transferrin-04": [ [ 420, 720 ] ],
		
		"sprite_transferrin-05": [ [ 0, 370 ] ],
		"sprite_transferrin-06": [ [ 0, 720 ] ],
		"sprite_transferrin-07": [ [ 12, 714 ] ],
		"sprite_apotransferrin-08": [ [ 0, 353 ], [ 375, 720 ] ],
		"sprite_transferrin-09": [ [ 205, 720 ] ],
		
		"sprite_consumer-cell-bubble-border-left": [ [ 36, 273 ] ],
		"sprite_consumer-cell-bubble-border-right": [ [ 16, 266 ] ]
	},

	"renderOrders": [

		{ "order": 109, "targets":[ "sprite_consumer-cell" ] },
		
		{ "order": 110, "targets":[ "sprite_consumer-cell-bubble-border-.*" ] },

		{ "order": 111, "targets":[ "sprite_consumer-cell-bubble-out" ] },

		{ "order": 112, "targets":[	"sprite_consumer-cell-bubble-in" ] },
		
		{ "order": 113, "targets":[	"sprite_consumer-cell-outline" ] },

		{ "order": 113, "targets":[	"sprite_.*" ] }
	],
	
	"masked": {
		
		"stream": [ "sprite_fe2-.*",
					"sprite_fe3-.*",
					"sprite_apotransferrin-.*",
					"sprite_transferrin-[01]{1}.*" ],
		
		"consumer-cell": [  "sprite_consumer-cell.*",
							"sprite_dmt1-02" ]
	},
	
	"selectable": {
		
		"fe2":                  "sprite_fe2-.*",
		"fe3":                  "sprite_fe3-.*",
		"dmt1":                 "sprite_dmt1-.*",
		"ferropotin":           "sprite_ferropotin",
		"apotransferrin":       "sprite_apotransferrin-.*",
		"transferrin-receptor": "sprite_transferrin-recepter.*",
		"transferrin":          "sprite_transferrin-[01]{1}.*",
		"hephaestin":           "sprite_hephaestin"
	},
	
	"tipped": {
		
		"consumer-cell": "sprite_consumer-cell",
		"enterocyte":     "sprite_cell-.*"
	}
}