{
	"visibilityRanges": {
		
		"sprite_consumer-cell": [ [ 0, 100 ] ],
		"sprite_consumer-cell-outline": [ [ 0, 100 ] ],
		
		"sprite_in-consumer-cell-mithocondrium": [ [ 0, 110 ] ],
		"sprite_in-consumer-cell-mithocondrium-zoomed": [ [ 0, 110 ] ],
		
		"sprite_in-consumer-cell-dmt1": [ [ 0, 95 ] ],
		"sprite_in-consumer-cell-ferritin": [ [ 0, 95 ] ],
		"sprite_in-consumer-cell-transferrin-recepter": [ [ 0, 95 ] ],
		
		"sprite_in-consumer-cell-mithocondrium-mask": [ [ 0, 100 ] ],
		
		"sprite_membrane": [ [ 95, 1910 ] ],
		
		"sprite_cytochrom-c": [ [ 95, 1910 ] ],
		"sprite_ubiquinone": [ [ 95, 1910 ] ],
		
		"sprite_complex1": [ [ 95, 1910 ] ],
		"sprite_complex2": [ [ 95, 1910 ] ],
		"sprite_complex3": [ [ 95, 1910 ] ],
		"sprite_complex4": [ [ 95, 1910 ] ],
		"sprite_complex5-bottom": [ [ 95, 1910 ] ],
		"sprite_complex5-top": [ [ 95, 1910 ] ],
		"sprite_complex5-spinner": [ [ 95, 1910 ] ],
		
		"sprite_complex5-spinner-stripes": [ [ 1280, 1830 ] ],
		"sprite_complex5-spinner-arrow": [ [ 1240, 1330 ], [ 1420, 1510 ], [ 1600, 1690 ] ],
		
		"sprite_path1": [ [ 95, 1910 ] ],
		"sprite_path2": [ [ 95, 1910 ] ],
		"sprite_path3": [ [ 95, 1910 ] ],
		"sprite_path4": [ [ 95, 1910 ] ],
		
		"sprite_nadh": [ [ 110, 230 ] ],
		"sprite_nadh-electron-on-top": [ [ 110, 230 ] ],
		"sprite_nadh-electron-on-bottom": [ [ 110, 230 ] ],
		"sprite_nad": [ [ 230, 390 ] ],
		"sprite_electron-01": [ [ 230, 266 ] ],
		"sprite_electron-02": [ [ 230, 266 ] ],
		"sprite_electron-03": [ [ 266, 1100 ] ],
		
		"sprite_fadh": [ [ 476, 610 ] ],
		"sprite_fadh-electron-on-top": [ [ 476, 610 ] ],
		"sprite_fadh-electron-on-bottom": [ [ 476, 610 ] ],
		"sprite_fad": [ [ 610, 790 ] ],
		"sprite_electron-04": [ [ 610, 656 ] ],
		"sprite_electron-05": [ [ 610, 656 ] ],
		"sprite_electron-06": [ [ 656, 1122 ] ],
		
		"sprite_electron-07": [ [ 967, 1084 ] ],
		"sprite_electron-08": [ [ 1070, 1144 ] ],
		
		"sprite_h-01": [ [ 95, 230 ] ],
		"sprite_h-02": [ [ 230, 1910 ] ],
		
		"sprite_fe5-01": [ [ 95, 1910 ] ],
		"sprite_fe5-02": [ [ 95, 1910 ] ],
		"sprite_fe5-03": [ [ 95, 1910 ] ],
		"sprite_fe5-04": [ [ 95, 1910 ] ],
		"sprite_fe5-05": [ [ 95, 1910 ] ],
		"sprite_fe5-06": [ [ 95, 1910 ] ],
		"sprite_fe5-07": [ [ 95, 1910 ] ],
		"sprite_fe5-08": [ [ 95, 1910 ] ],
		"sprite_fe5-09": [ [ 95, 1910 ] ],
		"sprite_fe5-10": [ [ 95, 1910 ] ],
		"sprite_fe5-11": [ [ 95, 1910 ] ],
		
		
		"sprite_h-15": [ [ 95, 1800 ] ],
		
		
		"sprite_haem-01": [ [ 95, 1910 ] ],
		"sprite_haem-02": [ [ 95, 1910 ] ],
		"sprite_haem-03": [ [ 95, 1910 ] ],
		"sprite_haem-04": [ [ 95, 1910 ] ],
		"sprite_haem-05": [ [ 95, 1910 ] ],
		
		"sprite_o2":   [ [ 820, 1125 ] ],
		"sprite_h-19": [ [ 790, 1125 ] ],
		"sprite_h-20": [ [ 837, 1125 ] ],
		"sprite_h-21": [ [ 808, 1125 ] ],
		"sprite_h-22": [ [ 919, 1125 ] ],
		
		"sprite_h2o-01": [ [ 1125, 1547 ] ],
		"sprite_h2o-02": [ [ 1125, 1516 ] ],
		
		"sprite_adp-01": [ [ 1260, 1400 ] ],
		"sprite_p-01":   [ [ 1260, 1400 ] ],
		"sprite_atp-01": [ [ 1400, 1590] ],
		
		"sprite_adp-02": [ [ 1410, 1550 ] ],
		"sprite_p-02":   [ [ 1410, 1550 ] ],
		"sprite_atp-02": [ [ 1550, 1740 ] ],
		
		"sprite_h-08": [ [ 593, 1562 ] ],
		"sprite_h-07": [ [ 615, 1562 ] ],
		"sprite_h-06": [ [ 615, 1562 ] ],
		
		"sprite_h-10": [ [ 95, 1040 ] ],
		"sprite_h-12": [ [ 95, 1050 ] ]
	},

	"renderOrders": [

		{ "order": 101, "targets":[
							"sprite_consumer-cell.*"
						] },

		{ "order": 102, "targets":[
							"sprite_in-consumer-cell.*"
						] },
		
		{ "order": 103, "targets":[
							"sprite_membrane"
						] },

		{ "order": 110, "targets":[
							"sprite_ubiquinone",
							"sprite_cytochrom-c"
						] },


		{ "order": 111, "targets":[
							"sprite_complex[1234]{1}.*",
							"sprite_complex5-top",
							"sprite_complex5-bottom"
						] },

		{ "order": 112, "targets":[
							"sprite_complex5-spinner"
						] },

		{ "order": 113, "targets":[
							"sprite_complex5-spinner-stripes"
						] },

		{ "order": 114, "targets":[
							"sprite_path.*"
						] },

		{ "order": 115, "targets":[
							"sprite_fe5.*",
							"sprite_haem.*",
							"sprite_h-.*",
							"sprite_h2o-.*",
							"sprite_adp-.*",
							"sprite_atp-.*",
							"sprite_p-.*",
							"sprite_o2"
						] },
		
		{ "order": 116, "targets":[
							"sprite_fadh-electron-on-bottom",
							"sprite_nadh-electron-on-bottom"
						] },
		
		{ "order": 118, "targets":[
							"sprite_fadh-electron-on-top",
							"sprite_nadh-electron-on-top"
						] },
		
		{ "order": 117, "targets":[
							"sprite_nad",
							"sprite_nadh",
							"sprite_fad",
							"sprite_fadh"
						] },
		
		{ "order": 119, "targets":[
							"sprite_electron-.*",
							"sprite_complex5-spinner-arrow",
							"sprite_e",
							"sprite_transformation",
							"sprite_tree1",
							"sprite_tree2"
						] },
		
		{ "order": 120, "targets":[
							"sprite_in-consumer-cell-mithocondrium-mask"
						] }
	],

	"masked": {

		"consumer-cell": [  "sprite_consumer-cell.*" ],

		"circle1": [	"sprite_transferrin-recepter",
									"sprite_dmt1",
									"sprite_ferritin" ],

		"circle2": [	"sprite_none.*" ],
		
		"complex1": [ "sprite_h-02", "sprite_h-03", "sprite_h-13", "sprite_h-14" ],
		"complex2": [ "sprite_ubiquinone", "sprite_electron-03" ],
		"complex3": [ "sprite_h-15", "sprite_h-16" ],
		"complex4": [ "sprite_h-17", "sprite_h-18" ],
		
		"complex5-spinner": [ "sprite_complex5-spinner-stripes" ],
		
		"stream": [
			"sprite_membrane",
			"sprite_atp-.*",
			"sprite_h2o-.*",
			"sprite_o2",
			"sprite_h-01",
			"sprite_h-19",
			"sprite_h-20",
			"sprite_h-21",
			"sprite_h-22",
			"sprite_nadh",
			"sprite_nad",
			"sprite_fadh",
			"sprite_fad",
			"sprite_fadh-electron-on-bottom",
			"sprite_nadh-electron-on-bottom",
			"sprite_fadh-electron-on-top",
			"sprite_nadh-electron-on-top"
		]
	},

	"selectable": {

		"fe5":       "sprite_fe5-.*",
		"haem-iron": "sprite_haem-.*",
		"h":       	 "sprite_h-.*",
		"o2":		 "sprite_o2*"
	},

	"tipped": {

		"complex1": "sprite_complex1",
		"complex2": "sprite_complex2",
		"complex3": "sprite_complex3",
		"complex4": "sprite_complex4",

		"atp-synthase": "sprite_complex5-.*",

		"mitochondrial-cell-membrane": "sprite_membrane",
		"ubiquinone": "sprite_ubiquinone",
		"cytochrome-c": "sprite_cytochrom-c",
		"electron": "sprite_electron-0.*",
		"nadh": "sprite_nadh",
		"nad": "sprite_nad",
		"fadh2": "sprite_fadh",
		"fad": "sprite_fad",
		"h2o": "sprite_h2o-0.*",
		"phosphate": "sprite_p-0.*",
		"adenosine-diphosphate": "sprite_adp-0.*",
		"adenosine-triphosphate": "sprite_atp-0.*"
	}
}