{
	"visibilityRanges": {
		
		"sprite_transferrin-recepter3-01": [ [ 0, 240 ] ],
		"sprite_transferrin-recepter3-02": [ [ 240, 868 ] ],
		"sprite_transferrin-recepter4-02": [ [ 868, 1450 ] ],
		"sprite_transferrin-recepter4-01": [ [ 1450, 1566 ] ],
		"sprite_transferrin-recepter1-01": [ [ 1566, 1630 ] ],
		"sprite_transferrin-recepter2-01": [ [ 1630, 1693 ] ],
		
		"sprite_dmt1-01": [ [ 0, 243 ], [ 1394, 1693 ] ],
		"sprite_dmt1-02": [ [ 243, 1394 ] ],
		
		"sprite_apotransferrin-01": [ [ 0, 368 ],[ 1564, 1693 ] ],
		"sprite_apotransferrin-02": [ [ 0, 370 ],[ 1564, 1693 ] ],
		
		"sprite_transferrin-03": [ [ 1127, 1630 ] ],
		"sprite_transferrin-04": [ [ 1080, 1693 ] ],
		
		"sprite_transferrin-06": [ [ 210, 1125 ] ],
		"sprite_transferrin-07": [ [ 393, 1240 ] ],
		"sprite_transferrin-08": [ [ 1130, 1680 ] ],
		
		"sprite_hplus-01": [ [ 532, 617 ] ],
		"sprite_hplus-02": [ [ 567, 661 ] ],
		"sprite_hplus-03": [ [ 622, 707 ] ],
		"sprite_hplus-04": [ [ 666, 751 ] ],
		"sprite_hplus-05": [ [ 710, 795 ] ],
		"sprite_hplus-06": [ [ 755, 840 ] ],
		"sprite_hplus-07": [ [ 800, 885 ] ],
		
		"sprite_fe3-01": [ [ 868, 1193 ] ],
		"sprite_fe3-02": [ [ 868, 1230 ] ],
		"sprite_fe3-03": [ [ 868, 1073 ] ],
		"sprite_fe3-04": [ [ 868, 1002 ] ],
		
		"sprite_fe3-05": [ [ 450, 747 ] ],
		
		
		
		"sprite_consumer-cell-bubble-border-left": [ [ 63, 294 ] ],
		"sprite_consumer-cell-bubble-border-right": [ [ 60, 300 ] ],

		
		
		"sprite_ferritin1": [ [ 0, 450 ],[ 1002, 1693 ] ],
		"sprite_ferritin2": [ [ 450, 1002 ] ],
		
		
		"sprite_apotransferrin-05": [ [ 0, 493 ],[ 1310, 1693 ] ]
		
	},
	
	"renderOrders": [
		
		{ "order": 109, "targets":[ "sprite_consumer-cell" ] },
		
		{ "order": 110, "targets":[ "sprite_consumer-cell-bubble-border-.*" ] },
		
		{ "order": 111, "targets":[ "sprite_consumer-cell-bubble-out" ] },
		
		{ "order": 112, "targets":[	"sprite_consumer-cell-bubble-in" ] },
		
		{ "order": 113, "targets":[	"sprite_consumer-cell-outline" ] },
		
		{ "order": 114, "targets":[	"sprite_ferritin*", "sprite_mithocondrium" ] }
	,
		{ "order": 115, "targets":[	"sprite_.*" ] }
	],
	
	"masked": {
		
		"stream": [ "sprite_fe2-.*",
					"sprite_fe3-.*",
					"sprite_apotransferrin-.*",
					"sprite_transferrin-[01]{1}.*" ],
		
		"consumer-cell": [ "sprite_consumer-cell.*" ]
	},
	
	"selectable": {

		"fe2":                  "sprite_fe3-.*",
		"h":                    "sprite_hplus-.*",
		"ferritin":             "sprite_ferritin.*",
		"dmt1":                 "sprite_dmt1-.*",
		"apotransferrin":       "sprite_apotransferrin-.*",
		"transferrin-receptor": "sprite_transferrin-recepter.*",
		"transferrin":          "sprite_transferrin-[01]{1}.*"
	},
	
	"tipped": {
		
		"consumer-cell":          "sprite_consumer-cell",
		"enterocyte":             "sprite_cell-.*",
		"mitochondrium":          "sprite_mithocondrium",
		"adenosine-diphosphate":  "sprite_adp",
		"phosphate":              "sprite_p",
		"adenosine-triphosphate": "sprite_atp"
	}
}